,airport,bus,metro,metro_station,park,public_square,shopping_mall,street_pedestrian,street_traffic,tram
campus,0.005681818181818182,0.008304195804195804,0.021416083916083916,0.006118881118881119,0.09003496503496504,0.0030594405594405595,0.00043706293706293706,0.00043706293706293706,0.016171328671328672,0.8483391608391608
courtyard,0.0024242424242424242,0.11070707070707071,0.0036363636363636364,0.0044444444444444444,0.3098989898989899,0.0012121212121212121,0.0008080808080808081,0.0008080808080808081,0.007676767676767677,0.5583838383838384
lab,0.006382130035899481,0.06262465097726366,0.8420422816114879,0.017151974471479856,0.03191065017949741,0.0007977662544874351,0.00039888312724371757,0.00039888312724371757,0.025927403270841642,0.012365376944555246
lobby,0.19535073409461665,0.0232463295269168,0.07789559543230017,0.19086460032626426,0.3972267536704731,0.0004078303425774878,0.02773246329526917,0.00734094616639478,0.008564437194127243,0.07137030995106036
