,campus_est,courtyard_est,lab_est,lobby_est
campus_actual,0.9325331125827815,0.0004397764900662252,2.5869205298013245e-05,0.0670012417218543
courtyard_actual,0.8869986716692689,0.10067348698468924,2.3304047913122508e-05,0.012304537298128686
lab_actual,2.3698928808417858e-05,2.3698928808417858e-05,0.9832922551900654,0.016660346952317755
lobby_actual,2.4129527302560142e-05,2.4129527302560142e-05,0.0009893106194049659,0.9989624303259899
