,campus_est,courtyard_est,lab_est,lobby_est
campus_actual,0.08335057947019868,0.9165976821192053,2.5869205298013245e-05,2.5869205298013245e-05
courtyard_actual,0.2314091957773065,0.7679615949290391,0.0006059052457411852,2.3304047913122508e-05
lab_actual,2.3698928808417858e-05,2.3698928808417858e-05,0.9999289032135747,2.3698928808417858e-05
lobby_actual,2.4129527302560142e-05,2.4129527302560142e-05,0.0010616992013126464,0.9988900417440822
